Metric,Model,Language,Value
Reliability,LLaMA,CS,1.08
Reliability,LLaMA,DE,1.08
Reliability,LLaMA,NL,1.08
Reliability,LLaMA,ES,1.08
Reliability,LLaMA,FR,1.08
Reliability,LLaMA,PT,1.08
Reliability,LLaMA,RU,1.08
Reliability,LLaMA,TH,1.08
Reliability,LLaMA,TR,1.08
Reliability,LLaMA,VI,1.08
Reliability,LLaMA,ZH,1.08
Reliability,ROME,CS,16.96
Reliability,ROME,DE,37.55
Reliability,ROME,NL,35.13
Reliability,ROME,ES,32.84
Reliability,ROME,FR,32.37
Reliability,ROME,PT,31.49
Reliability,ROME,RU,1.35
Reliability,ROME,TH,0.00
Reliability,ROME,TR,3.90
Reliability,ROME,VI,4.85
Reliability,ROME,ZH,0.94
Reliability,IKE,CS,57.67
Reliability,IKE,DE,55.45
Reliability,IKE,NL,50.05
Reliability,IKE,ES,40.21
Reliability,IKE,FR,46.38
Reliability,IKE,PT,43.20
Reliability,IKE,RU,52.36
Reliability,IKE,TH,2.03
Reliability,IKE,TR,40.31
Reliability,IKE,VI,41.85
Reliability,IKE,ZH,20.54
Reliability,SERAC,CS,91.25
Reliability,SERAC,DE,0.00
Reliability,SERAC,NL,0.00
Reliability,SERAC,ES,0.00
Reliability,SERAC,FR,0.00
Reliability,SERAC,PT,0.00
Reliability,SERAC,RU,0.00
Reliability,SERAC,TH,0.00
Reliability,SERAC,TR,0.00
Reliability,SERAC,VI,0.00
Reliability,SERAC,ZH,0.00
Reliability,ReMaKE-zero,CS,69.18
Reliability,ReMaKE-zero,DE,65.68
Reliability,ReMaKE-zero,NL,60.97
Reliability,ReMaKE-zero,ES,62.31
Reliability,ReMaKE-zero,FR,66.22
Reliability,ReMaKE-zero,PT,59.76
Reliability,ReMaKE-zero,RU,59.49
Reliability,ReMaKE-zero,TH,9.96
Reliability,ReMaKE-zero,TR,50.47
Reliability,ReMaKE-zero,VI,51.14
Reliability,ReMaKE-zero,ZH,44.68
Reliability,ReMaKE-few-mono,CS,62.72
Reliability,ReMaKE-few-mono,DE,61.37
Reliability,ReMaKE-few-mono,NL,55.05
Reliability,ReMaKE-few-mono,ES,45.76
Reliability,ReMaKE-few-mono,FR,56.8
Reliability,ReMaKE-few-mono,PT,48.72
Reliability,ReMaKE-few-mono,RU,60.16
Reliability,ReMaKE-few-mono,TH,2.83
Reliability,ReMaKE-few-mono,TR,49.93
Reliability,ReMaKE-few-mono,VI,50.2
Reliability,ReMaKE-few-mono,ZH,41.86
Reliability,ReMaKE-few-bi,CS,87.89
Reliability,ReMaKE-few-bi,DE,90.17
Reliability,ReMaKE-few-bi,NL,87.21
Reliability,ReMaKE-few-bi,ES,86.41
Reliability,ReMaKE-few-bi,FR,86.41
Reliability,ReMaKE-few-bi,PT,86.68
Reliability,ReMaKE-few-bi,RU,82.91
Reliability,ReMaKE-few-bi,TH,49.26
Reliability,ReMaKE-few-bi,TR,82.10
Reliability,ReMaKE-few-bi,VI,84.66
Reliability,ReMaKE-few-bi,ZH,72.14
Generality,LLaMA,CS,0.94
Generality,LLaMA,DE,0.94
Generality,LLaMA,NL,0.94
Generality,LLaMA,ES,0.94
Generality,LLaMA,FR,0.94
Generality,LLaMA,PT,0.94
Generality,LLaMA,RU,0.94
Generality,LLaMA,TH,0.94
Generality,LLaMA,TR,0.94
Generality,LLaMA,VI,0.94
Generality,LLaMA,ZH,0.94
Generality,ROME,CS,16.02
Generality,ROME,DE,35.53
Generality,ROME,NL,32.30
Generality,ROME,ES,30.15
Generality,ROME,FR,30.15
Generality,ROME,PT,26.78
Generality,ROME,RU,1.62
Generality,ROME,TH,0.00
Generality,ROME,TR,3.90
Generality,ROME,VI,3.50
Generality,ROME,ZH,0.81
Generality,IKE,CS,56.41
Generality,IKE,DE,54.39
Generality,IKE,NL,49.08
Generality,IKE,ES,39.25
Generality,IKE,FR,45.03
Generality,IKE,PT,42.91
Generality,IKE,RU,49.47
Generality,IKE,TH,2.03
Generality,IKE,TR,39.15
Generality,IKE,VI,40.89
Generality,IKE,ZH,20.64
Generality,SERAC,CS,26.78
Generality,SERAC,DE,0
Generality,SERAC,NL,0
Generality,SERAC,ES,0
Generality,SERAC,FR,0
Generality,SERAC,PT,0
Generality,SERAC,RU,0
Generality,SERAC,TH,0
Generality,SERAC,TR,0
Generality,SERAC,VI,0
Generality,SERAC,ZH,0
Generality,ReMaKE-zero,CS,63.26
Generality,ReMaKE-zero,DE,62.05
Generality,ReMaKE-zero,NL,54.37
Generality,ReMaKE-zero,ES,53.84
Generality,ReMaKE-zero,FR,61.10
Generality,ReMaKE-zero,PT,54.64
Generality,ReMaKE-zero,RU,53.84
Generality,ReMaKE-zero,TH,9.29
Generality,ReMaKE-zero,TR,47.51
Generality,ReMaKE-zero,VI,46.70
Generality,ReMaKE-zero,ZH,40.38
Generality,ReMaKE-few-mono,CS,61.1
Generality,ReMaKE-few-mono,DE,60.43
Generality,ReMaKE-few-mono,NL,53.3
Generality,ReMaKE-few-mono,ES,45.09
Generality,ReMaKE-few-mono,FR,56.66
Generality,ReMaKE-few-mono,PT,48.32
Generality,ReMaKE-few-mono,RU,57.6
Generality,ReMaKE-few-mono,TH,2.56
Generality,ReMaKE-few-mono,TR,48.86
Generality,ReMaKE-few-mono,VI,49.66
Generality,ReMaKE-few-mono,ZH,42.13
Generality,ReMaKE-few-bi,CS,87.75
Generality,ReMaKE-few-bi,DE,88.96
Generality,ReMaKE-few-bi,NL,86.00
Generality,ReMaKE-few-bi,ES,84.66
Generality,ReMaKE-few-bi,FR,84.93
Generality,ReMaKE-few-bi,PT,85.60
Generality,ReMaKE-few-bi,RU,82.10
Generality,ReMaKE-few-bi,TH,48.99
Generality,ReMaKE-few-bi,TR,80.35
Generality,ReMaKE-few-bi,VI,84.25
Generality,ReMaKE-few-bi,ZH,69.99
Locality,ROME,CS,84.66
Locality,ROME,DE,87.89
Locality,ROME,NL,86.94
Locality,ROME,ES,88.83
Locality,ROME,FR,87.89
Locality,ROME,PT,85.33
Locality,ROME,RU,82.37
Locality,ROME,TH,97.04
Locality,ROME,TR,90.04
Locality,ROME,VI,93.54
Locality,ROME,ZH,92.73
Locality,IKE,CS,1.25
Locality,IKE,DE,1.16
Locality,IKE,NL,1.16
Locality,IKE,ES,1.06
Locality,IKE,FR,1.16
Locality,IKE,PT,1.25
Locality,IKE,RU,0.87
Locality,IKE,TH,0.10
Locality,IKE,TR,1.16
Locality,IKE,VI,1.06
Locality,IKE,ZH,0.96
Locality,ReMaKE-zero,CS,98.92
Locality,ReMaKE-zero,DE,99.06
Locality,ReMaKE-zero,NL,99.46
Locality,ReMaKE-zero,ES,98.52
Locality,ReMaKE-zero,FR,98.92
Locality,ReMaKE-zero,PT,98.92
Locality,ReMaKE-zero,RU,98.12
Locality,ReMaKE-zero,TH,97.58
Locality,ReMaKE-zero,TR,97.31
Locality,ReMaKE-zero,VI,98.79
Locality,ReMaKE-zero,ZH,99.33
Locality,ReMaKE-few-mono,CS,99.06
Locality,ReMaKE-few-mono,DE,98.52
Locality,ReMaKE-few-mono,NL,98.92
Locality,ReMaKE-few-mono,ES,98.52
Locality,ReMaKE-few-mono,FR,98.65
Locality,ReMaKE-few-mono,PT,98.92
Locality,ReMaKE-few-mono,RU,98.12
Locality,ReMaKE-few-mono,TH,97.04
Locality,ReMaKE-few-mono,TR,97.44
Locality,ReMaKE-few-mono,VI,98.79
Locality,ReMaKE-few-mono,ZH,99.06
Locality,ReMaKE-few-bi,CS,98.79
Locality,ReMaKE-few-bi,DE,98.38
Locality,ReMaKE-few-bi,NL,98.79
Locality,ReMaKE-few-bi,ES,98.52
Locality,ReMaKE-few-bi,FR,98.79
Locality,ReMaKE-few-bi,PT,98.92
Locality,ReMaKE-few-bi,RU,97.98
Locality,ReMaKE-few-bi,TH,97.17
Locality,ReMaKE-few-bi,TR,97.31
Locality,ReMaKE-few-bi,VI,98.79
Locality,ReMaKE-few-bi,ZH,99.19
Locality,SERAC,CS,99.46
Locality,SERAC,DE,100.00
Locality,SERAC,NL,100.00
Locality,SERAC,ES,100.00
Locality,SERAC,FR,100.00
Locality,SERAC,PT,100.00
Locality,SERAC,RU,100.00
Locality,SERAC,TH,100.00
Locality,SERAC,TR,100.00
Locality,SERAC,VI,100.00
Locality,SERAC,ZH,100.00