lang,cosine,metric,p_value,p_formatted
pizza → banana,0.85,metric1,0.04832714039894741,0.0483
pizza → banana,0.85,metric2,0.00145858436236563,0.0015
banana → pizza,0.85,metric1,0.00521940919204338,0.0052
banana → pizza,0.85,metric2,1.0624324028668005e-13,0
pizza → banana,0.9,metric1,4.716041158946037e-5,0
pizza → banana,0.9,metric2,0.02689285248542818,0.0269
banana → pizza,0.9,metric1,0.02827837853917426,0.0283
banana → pizza,0.9,metric2,8.7164484546423e-16,0
pizza → banana,0.95,metric1,0.23224725417897785,0.2322
pizza → banana,0.95,metric2,0.0907371376150792,0.0907
banana → pizza,0.95,metric1,6.8656422202715e-4,7e-04
banana → pizza,0.95,metric2,1.681227043329694e-7,0
pizza → grape,0.85,metric1,0.9719712678724884,0.972
pizza → grape,0.85,metric2,4.6326282918577e-9,0
grape → pizza,0.85,metric1,1.589997657294879e-14,0
grape → pizza,0.85,metric2,0.00198797881212332,0.002
pizza → grape,0.9,metric1,0.8570571428446826,0.8571
pizza → grape,0.9,metric2,3.1300116268663005e-10,0
grape → pizza,0.9,metric1,7.8944886793436e-12,0
grape → pizza,0.9,metric2,1.1226236479520064e-5,0
pizza → grape,0.95,metric1,0.6895534170461401,0.6896
pizza → grape,0.95,metric2,3.4437128533426245e-8,0
grape → pizza,0.95,metric1,0.00159181099228683,0.0016
grape → pizza,0.95,metric2,0.17056227522458411,0.1706
pizza → crossiant,0.85,metric1,3.131497527609694e-8,0
pizza → crossiant,0.85,metric2,4.7922034420525695e-46,0
crossiant → pizza,0.85,metric1,1.7149183815396772e-24,0
crossiant → pizza,0.85,metric2,9.235478138207647e-32,0
pizza → crossiant,0.9,metric1,0.00812160260374509,0.0081
pizza → crossiant,0.9,metric2,2.1386917457695024e-40,0
crossiant → pizza,0.9,metric1,4.8700370709057085e-18,0
crossiant → pizza,0.9,metric2,9.056294651978748e-27,0
